url_slug,primary_keyword,seo_title,meta_description,h1,h2_1,h2_2,h2_3,h2_4
"/carriers/speedx/tracking-not-updating","SpeedX tracking not updating","SpeedX Tracking Not Updating: Track SpeedX Shipment Updates","Get speedx tracking not updating updates with tracking steps, status explanations, and delivery guidance.","SpeedX Tracking Not Updating","Track SpeedX package","SpeedX tracking not updating explained","Common SpeedX delivery statuses","What to do when updates are delayed"
"/carriers/speedx/delivery-exception","SpeedX delivery exception","SpeedX Delivery Exception: Track SpeedX Shipment Updates","Get speedx delivery exception updates with tracking steps, status explanations, and delivery guidance.","SpeedX Delivery Exception","Track SpeedX package","SpeedX delivery exception explained","Common SpeedX delivery statuses","What to do when updates are delayed"
"/carriers/speedx/international-tracking","SpeedX international tracking","SpeedX International Tracking: Track SpeedX Shipment Updates","Get speedx international tracking updates with tracking steps, status explanations, and delivery guidance.","SpeedX International Tracking","Track SpeedX package","SpeedX international tracking explained","Common SpeedX delivery statuses","What to do when updates are delayed"
"/carriers/speedx/customer-service","SpeedX customer service","SpeedX Customer Service: Track SpeedX Shipment Updates","Get speedx customer service updates with tracking steps, status explanations, and delivery guidance.","SpeedX Customer Service","Track SpeedX package","SpeedX customer service explained","Common SpeedX delivery statuses","What to do when updates are delayed"
"/carriers/speedx/delivered-not-received","SpeedX delivered not received","SpeedX Delivered Not Received: Track SpeedX Shipment Updates","Get speedx delivered not received updates with tracking steps, status explanations, and delivery guidance.","SpeedX Delivered Not Received","Track SpeedX package","SpeedX delivered not received explained","Common SpeedX delivery statuses","What to do when updates are delayed"
"/carriers/dhl/tracking-not-updating","DHL tracking not updating","DHL Tracking Not Updating: Track DHL Shipment Updates","Get dhl tracking not updating updates with tracking steps, status explanations, and delivery guidance.","DHL Tracking Not Updating","Track DHL package","DHL tracking not updating explained","Common DHL delivery statuses","What to do when updates are delayed"
"/carriers/dhl/delivery-exception","DHL delivery exception","DHL Delivery Exception: Track DHL Shipment Updates","Get dhl delivery exception updates with tracking steps, status explanations, and delivery guidance.","DHL Delivery Exception","Track DHL package","DHL delivery exception explained","Common DHL delivery statuses","What to do when updates are delayed"
"/carriers/dhl/international-tracking","DHL international tracking","DHL International Tracking: Track DHL Shipment Updates","Get dhl international tracking updates with tracking steps, status explanations, and delivery guidance.","DHL International Tracking","Track DHL package","DHL international tracking explained","Common DHL delivery statuses","What to do when updates are delayed"
"/carriers/dhl/customer-service","DHL customer service","DHL Customer Service: Track DHL Shipment Updates","Get dhl customer service updates with tracking steps, status explanations, and delivery guidance.","DHL Customer Service","Track DHL package","DHL customer service explained","Common DHL delivery statuses","What to do when updates are delayed"
"/carriers/dhl/delivered-not-received","DHL delivered not received","DHL Delivered Not Received: Track DHL Shipment Updates","Get dhl delivered not received updates with tracking steps, status explanations, and delivery guidance.","DHL Delivered Not Received","Track DHL package","DHL delivered not received explained","Common DHL delivery statuses","What to do when updates are delayed"
"/carriers/fedex/tracking-not-updating","FedEx tracking not updating","FedEx Tracking Not Updating: Track FedEx Shipment Updates","Get fedex tracking not updating updates with tracking steps, status explanations, and delivery guidance.","FedEx Tracking Not Updating","Track FedEx package","FedEx tracking not updating explained","Common FedEx delivery statuses","What to do when updates are delayed"
"/carriers/fedex/delivery-exception","FedEx delivery exception","FedEx Delivery Exception: Track FedEx Shipment Updates","Get fedex delivery exception updates with tracking steps, status explanations, and delivery guidance.","FedEx Delivery Exception","Track FedEx package","FedEx delivery exception explained","Common FedEx delivery statuses","What to do when updates are delayed"
"/carriers/fedex/international-tracking","FedEx international tracking","FedEx International Tracking: Track FedEx Shipment Updates","Get fedex international tracking updates with tracking steps, status explanations, and delivery guidance.","FedEx International Tracking","Track FedEx package","FedEx international tracking explained","Common FedEx delivery statuses","What to do when updates are delayed"
"/carriers/fedex/customer-service","FedEx customer service","FedEx Customer Service: Track FedEx Shipment Updates","Get fedex customer service updates with tracking steps, status explanations, and delivery guidance.","FedEx Customer Service","Track FedEx package","FedEx customer service explained","Common FedEx delivery statuses","What to do when updates are delayed"
"/carriers/fedex/delivered-not-received","FedEx delivered not received","FedEx Delivered Not Received: Track FedEx Shipment Updates","Get fedex delivered not received updates with tracking steps, status explanations, and delivery guidance.","FedEx Delivered Not Received","Track FedEx package","FedEx delivered not received explained","Common FedEx delivery statuses","What to do when updates are delayed"
"/carriers/ups/tracking-not-updating","UPS tracking not updating","UPS Tracking Not Updating: Track UPS Shipment Updates","Get ups tracking not updating updates with tracking steps, status explanations, and delivery guidance.","UPS Tracking Not Updating","Track UPS package","UPS tracking not updating explained","Common UPS delivery statuses","What to do when updates are delayed"
"/carriers/ups/delivery-exception","UPS delivery exception","UPS Delivery Exception: Track UPS Shipment Updates","Get ups delivery exception updates with tracking steps, status explanations, and delivery guidance.","UPS Delivery Exception","Track UPS package","UPS delivery exception explained","Common UPS delivery statuses","What to do when updates are delayed"
"/carriers/ups/international-tracking","UPS international tracking","UPS International Tracking: Track UPS Shipment Updates","Get ups international tracking updates with tracking steps, status explanations, and delivery guidance.","UPS International Tracking","Track UPS package","UPS international tracking explained","Common UPS delivery statuses","What to do when updates are delayed"
"/carriers/ups/customer-service","UPS customer service","UPS Customer Service: Track UPS Shipment Updates","Get ups customer service updates with tracking steps, status explanations, and delivery guidance.","UPS Customer Service","Track UPS package","UPS customer service explained","Common UPS delivery statuses","What to do when updates are delayed"
"/carriers/ups/delivered-not-received","UPS delivered not received","UPS Delivered Not Received: Track UPS Shipment Updates","Get ups delivered not received updates with tracking steps, status explanations, and delivery guidance.","UPS Delivered Not Received","Track UPS package","UPS delivered not received explained","Common UPS delivery statuses","What to do when updates are delayed"
"/carriers/usps/tracking-not-updating","USPS tracking not updating","USPS Tracking Not Updating: Track USPS Shipment Updates","Get usps tracking not updating updates with tracking steps, status explanations, and delivery guidance.","USPS Tracking Not Updating","Track USPS package","USPS tracking not updating explained","Common USPS delivery statuses","What to do when updates are delayed"
"/carriers/usps/delivery-exception","USPS delivery exception","USPS Delivery Exception: Track USPS Shipment Updates","Get usps delivery exception updates with tracking steps, status explanations, and delivery guidance.","USPS Delivery Exception","Track USPS package","USPS delivery exception explained","Common USPS delivery statuses","What to do when updates are delayed"
"/carriers/usps/international-tracking","USPS international tracking","USPS International Tracking: Track USPS Shipment Updates","Get usps international tracking updates with tracking steps, status explanations, and delivery guidance.","USPS International Tracking","Track USPS package","USPS international tracking explained","Common USPS delivery statuses","What to do when updates are delayed"
"/carriers/usps/customer-service","USPS customer service","USPS Customer Service: Track USPS Shipment Updates","Get usps customer service updates with tracking steps, status explanations, and delivery guidance.","USPS Customer Service","Track USPS package","USPS customer service explained","Common USPS delivery statuses","What to do when updates are delayed"
"/carriers/usps/delivered-not-received","USPS delivered not received","USPS Delivered Not Received: Track USPS Shipment Updates","Get usps delivered not received updates with tracking steps, status explanations, and delivery guidance.","USPS Delivered Not Received","Track USPS package","USPS delivered not received explained","Common USPS delivery statuses","What to do when updates are delayed"
"/carriers/ontrac/tracking-not-updating","OnTrac tracking not updating","OnTrac Tracking Not Updating: Track OnTrac Shipment Updates","Get ontrac tracking not updating updates with tracking steps, status explanations, and delivery guidance.","OnTrac Tracking Not Updating","Track OnTrac package","OnTrac tracking not updating explained","Common OnTrac delivery statuses","What to do when updates are delayed"
"/carriers/ontrac/delivery-exception","OnTrac delivery exception","OnTrac Delivery Exception: Track OnTrac Shipment Updates","Get ontrac delivery exception updates with tracking steps, status explanations, and delivery guidance.","OnTrac Delivery Exception","Track OnTrac package","OnTrac delivery exception explained","Common OnTrac delivery statuses","What to do when updates are delayed"
"/carriers/ontrac/international-tracking","OnTrac international tracking","OnTrac International Tracking: Track OnTrac Shipment Updates","Get ontrac international tracking updates with tracking steps, status explanations, and delivery guidance.","OnTrac International Tracking","Track OnTrac package","OnTrac international tracking explained","Common OnTrac delivery statuses","What to do when updates are delayed"
"/carriers/ontrac/customer-service","OnTrac customer service","OnTrac Customer Service: Track OnTrac Shipment Updates","Get ontrac customer service updates with tracking steps, status explanations, and delivery guidance.","OnTrac Customer Service","Track OnTrac package","OnTrac customer service explained","Common OnTrac delivery statuses","What to do when updates are delayed"
"/carriers/ontrac/delivered-not-received","OnTrac delivered not received","OnTrac Delivered Not Received: Track OnTrac Shipment Updates","Get ontrac delivered not received updates with tracking steps, status explanations, and delivery guidance.","OnTrac Delivered Not Received","Track OnTrac package","OnTrac delivered not received explained","Common OnTrac delivery statuses","What to do when updates are delayed"
"/carriers/lasership/tracking-not-updating","LaserShip tracking not updating","LaserShip Tracking Not Updating: Track LaserShip Shipment Updates","Get lasership tracking not updating updates with tracking steps, status explanations, and delivery guidance.","LaserShip Tracking Not Updating","Track LaserShip package","LaserShip tracking not updating explained","Common LaserShip delivery statuses","What to do when updates are delayed"
"/carriers/lasership/delivery-exception","LaserShip delivery exception","LaserShip Delivery Exception: Track LaserShip Shipment Updates","Get lasership delivery exception updates with tracking steps, status explanations, and delivery guidance.","LaserShip Delivery Exception","Track LaserShip package","LaserShip delivery exception explained","Common LaserShip delivery statuses","What to do when updates are delayed"
"/carriers/lasership/international-tracking","LaserShip international tracking","LaserShip International Tracking: Track LaserShip Shipment Updates","Get lasership international tracking updates with tracking steps, status explanations, and delivery guidance.","LaserShip International Tracking","Track LaserShip package","LaserShip international tracking explained","Common LaserShip delivery statuses","What to do when updates are delayed"
"/carriers/lasership/customer-service","LaserShip customer service","LaserShip Customer Service: Track LaserShip Shipment Updates","Get lasership customer service updates with tracking steps, status explanations, and delivery guidance.","LaserShip Customer Service","Track LaserShip package","LaserShip customer service explained","Common LaserShip delivery statuses","What to do when updates are delayed"
"/carriers/lasership/delivered-not-received","LaserShip delivered not received","LaserShip Delivered Not Received: Track LaserShip Shipment Updates","Get lasership delivered not received updates with tracking steps, status explanations, and delivery guidance.","LaserShip Delivered Not Received","Track LaserShip package","LaserShip delivered not received explained","Common LaserShip delivery statuses","What to do when updates are delayed"
"/carriers/yunexpress/tracking-not-updating","YunExpress tracking not updating","YunExpress Tracking Not Updating: Track YunExpress Shipment Updates","Get yunexpress tracking not updating updates with tracking steps, status explanations, and delivery guidance.","YunExpress Tracking Not Updating","Track YunExpress package","YunExpress tracking not updating explained","Common YunExpress delivery statuses","What to do when updates are delayed"
"/carriers/yunexpress/delivery-exception","YunExpress delivery exception","YunExpress Delivery Exception: Track YunExpress Shipment Updates","Get yunexpress delivery exception updates with tracking steps, status explanations, and delivery guidance.","YunExpress Delivery Exception","Track YunExpress package","YunExpress delivery exception explained","Common YunExpress delivery statuses","What to do when updates are delayed"
"/carriers/yunexpress/international-tracking","YunExpress international tracking","YunExpress International Tracking: Track YunExpress Shipment Updates","Get yunexpress international tracking updates with tracking steps, status explanations, and delivery guidance.","YunExpress International Tracking","Track YunExpress package","YunExpress international tracking explained","Common YunExpress delivery statuses","What to do when updates are delayed"
"/carriers/yunexpress/customer-service","YunExpress customer service","YunExpress Customer Service: Track YunExpress Shipment Updates","Get yunexpress customer service updates with tracking steps, status explanations, and delivery guidance.","YunExpress Customer Service","Track YunExpress package","YunExpress customer service explained","Common YunExpress delivery statuses","What to do when updates are delayed"
"/carriers/yunexpress/delivered-not-received","YunExpress delivered not received","YunExpress Delivered Not Received: Track YunExpress Shipment Updates","Get yunexpress delivered not received updates with tracking steps, status explanations, and delivery guidance.","YunExpress Delivered Not Received","Track YunExpress package","YunExpress delivered not received explained","Common YunExpress delivery statuses","What to do when updates are delayed"
"/carriers/cainiao/tracking-not-updating","Cainiao tracking not updating","Cainiao Tracking Not Updating: Track Cainiao Shipment Updates","Get cainiao tracking not updating updates with tracking steps, status explanations, and delivery guidance.","Cainiao Tracking Not Updating","Track Cainiao package","Cainiao tracking not updating explained","Common Cainiao delivery statuses","What to do when updates are delayed"
"/carriers/cainiao/delivery-exception","Cainiao delivery exception","Cainiao Delivery Exception: Track Cainiao Shipment Updates","Get cainiao delivery exception updates with tracking steps, status explanations, and delivery guidance.","Cainiao Delivery Exception","Track Cainiao package","Cainiao delivery exception explained","Common Cainiao delivery statuses","What to do when updates are delayed"
"/carriers/cainiao/international-tracking","Cainiao international tracking","Cainiao International Tracking: Track Cainiao Shipment Updates","Get cainiao international tracking updates with tracking steps, status explanations, and delivery guidance.","Cainiao International Tracking","Track Cainiao package","Cainiao international tracking explained","Common Cainiao delivery statuses","What to do when updates are delayed"
"/carriers/cainiao/customer-service","Cainiao customer service","Cainiao Customer Service: Track Cainiao Shipment Updates","Get cainiao customer service updates with tracking steps, status explanations, and delivery guidance.","Cainiao Customer Service","Track Cainiao package","Cainiao customer service explained","Common Cainiao delivery statuses","What to do when updates are delayed"
"/carriers/cainiao/delivered-not-received","Cainiao delivered not received","Cainiao Delivered Not Received: Track Cainiao Shipment Updates","Get cainiao delivered not received updates with tracking steps, status explanations, and delivery guidance.","Cainiao Delivered Not Received","Track Cainiao package","Cainiao delivered not received explained","Common Cainiao delivery statuses","What to do when updates are delayed"
"/carriers/sf-express/tracking-not-updating","SF Express tracking not updating","SF Express Tracking Not Updating: Track SF Express Shipment Updates","Get sf express tracking not updating updates with tracking steps, status explanations, and delivery guidance.","SF Express Tracking Not Updating","Track SF Express package","SF Express tracking not updating explained","Common SF Express delivery statuses","What to do when updates are delayed"
"/carriers/sf-express/delivery-exception","SF Express delivery exception","SF Express Delivery Exception: Track SF Express Shipment Updates","Get sf express delivery exception updates with tracking steps, status explanations, and delivery guidance.","SF Express Delivery Exception","Track SF Express package","SF Express delivery exception explained","Common SF Express delivery statuses","What to do when updates are delayed"
"/carriers/sf-express/international-tracking","SF Express international tracking","SF Express International Tracking: Track SF Express Shipment Updates","Get sf express international tracking updates with tracking steps, status explanations, and delivery guidance.","SF Express International Tracking","Track SF Express package","SF Express international tracking explained","Common SF Express delivery statuses","What to do when updates are delayed"
"/carriers/sf-express/customer-service","SF Express customer service","SF Express Customer Service: Track SF Express Shipment Updates","Get sf express customer service updates with tracking steps, status explanations, and delivery guidance.","SF Express Customer Service","Track SF Express package","SF Express customer service explained","Common SF Express delivery statuses","What to do when updates are delayed"
"/carriers/sf-express/delivered-not-received","SF Express delivered not received","SF Express Delivered Not Received: Track SF Express Shipment Updates","Get sf express delivered not received updates with tracking steps, status explanations, and delivery guidance.","SF Express Delivered Not Received","Track SF Express package","SF Express delivered not received explained","Common SF Express delivery statuses","What to do when updates are delayed"
"/carriers/4px/tracking-not-updating","4PX tracking not updating","4PX Tracking Not Updating: Track 4PX Shipment Updates","Get 4px tracking not updating updates with tracking steps, status explanations, and delivery guidance.","4PX Tracking Not Updating","Track 4PX package","4PX tracking not updating explained","Common 4PX delivery statuses","What to do when updates are delayed"
"/carriers/4px/delivery-exception","4PX delivery exception","4PX Delivery Exception: Track 4PX Shipment Updates","Get 4px delivery exception updates with tracking steps, status explanations, and delivery guidance.","4PX Delivery Exception","Track 4PX package","4PX delivery exception explained","Common 4PX delivery statuses","What to do when updates are delayed"
"/carriers/4px/international-tracking","4PX international tracking","4PX International Tracking: Track 4PX Shipment Updates","Get 4px international tracking updates with tracking steps, status explanations, and delivery guidance.","4PX International Tracking","Track 4PX package","4PX international tracking explained","Common 4PX delivery statuses","What to do when updates are delayed"
"/carriers/4px/customer-service","4PX customer service","4PX Customer Service: Track 4PX Shipment Updates","Get 4px customer service updates with tracking steps, status explanations, and delivery guidance.","4PX Customer Service","Track 4PX package","4PX customer service explained","Common 4PX delivery statuses","What to do when updates are delayed"
"/carriers/4px/delivered-not-received","4PX delivered not received","4PX Delivered Not Received: Track 4PX Shipment Updates","Get 4px delivered not received updates with tracking steps, status explanations, and delivery guidance.","4PX Delivered Not Received","Track 4PX package","4PX delivered not received explained","Common 4PX delivery statuses","What to do when updates are delayed"